{
  "fingers": {
    "index": {
      "max_m": 1.2082900982071858e-07,
      "mean_m": 9.579162199913366e-08
    },
    "middle": {
      "max_m": 1.1295622163583516e-07,
      "mean_m": 8.628680920756282e-08
    },
    "pinky": {
      "max_m": 8.62278473491661e-08,
      "mean_m": 6.138041176051416e-08
    },
    "ring": {
      "max_m": 1.0290271589125784e-07,
      "mean_m": 7.788452786562191e-08
    },
    "thumb": {
      "max_m": 1.2036781326982014e-07,
      "mean_m": 1.0334294731953088e-07
    }
  },
  "gate": {
    "limit_m": 1e-06,
    "name": "fk_parity_max",
    "observed_m": 1.2082900982071858e-07,
    "passed": true
  },
  "hand_id": "custom_right",
  "manifest": "custom_right",
  "overall": {
    "max_m": 1.2082900982071858e-07,
    "mean_m": 8.493726363047267e-08
  },
  "parity_qpos": "/home/creature/Desktop/GeoRT/.worktrees/AnyDexRT/outputs/custom_right/parity/parity_qpos.npz",
  "qpos_rows": 750,
  "threshold_m": 1e-06
}
