{
  "base_commit": "aed1ef6",
  "convergence_traces": [
    {
      "frame": 187291,
      "objective": [
        0.00029997684760019183,
        0.00017805970855988562,
        9.985284123104066e-05,
        6.008873606333509e-05,
        5.108723780722357e-05,
        5.8750079915625975e-05,
        7.133600593078882e-05,
        8.115368109429255e-05,
        8.528998296242207e-05,
        8.390590664930642e-05,
        7.821641338523477e-05,
        6.986617518123239e-05,
        6.05142158747185e-05,
        5.16588261234574e-05,
        4.471162537811324e-05,
        4.0713839553063735e-05,
        3.997440217062831e-05,
        4.1914066969184205e-05,
        4.524922405835241e-05,
        4.851500125369057e-05,
        5.059074828750454e-05,
        5.0914561143144965e-05,
        4.947054912918247e-05,
        4.671142960432917e-05,
        4.3395295506343246e-05,
        4.033669029013254e-05,
        3.816064418060705e-05,
        3.714728882187046e-05,
        3.7219899240881205e-05,
        3.8047634006943554e-05,
        3.918128277291544e-05,
        4.017753235530108e-05,
        4.071314833709039e-05,
        4.0663489926373586e-05,
        4.0105765947373584e-05,
        3.9250360714504495e-05,
        3.8346635847119614e-05,
        3.761126572499052e-05,
        3.7188878195593134e-05,
        3.71254536730703e-05,
        3.7353685911512e-05
      ],
      "pair": "thumb_index",
      "probability": 0.9799413681030273
    },
    {
      "frame": 194509,
      "objective": [
        0.00021907870541326702,
        0.00012685026740655303,
        8.721402991795912e-05,
        8.854587940732017e-05,
        9.23107290873304e-05,
        8.977246761787683e-05,
        8.192024688469246e-05,
        7.337161514442414e-05,
        6.819375266786665e-05,
        6.78831129334867e-05,
        7.092961459420621e-05,
        7.421395275741816e-05,
        7.53177737351507e-05,
        7.377605652436614e-05,
        7.07367726135999e-05,
        6.789725011913106e-05,
        6.649999704677612e-05,
        6.676554767182097e-05,
        6.794361979700625e-05,
        6.892046076245606e-05,
        6.895384285598993e-05,
        6.802763527957723e-05,
        6.669449794571847e-05,
        6.563765782630071e-05,
        6.525308708660305e-05,
        6.547158409375697e-05,
        6.588058022316545e-05,
        6.604082591366023e-05,
        6.577181920874864e-05,
        6.521950854221359e-05,
        6.470670632552356e-05,
        6.44921456114389e-05,
        6.46072585368529e-05,
        6.486383790615946e-05,
        6.5008774981834e-05,
        6.490490341093391e-05,
        6.460706208599731e-05,
        6.429779750760645e-05,
        6.414431118173525e-05,
        6.418558768928051e-05,
        6.432550435420126e-05
      ],
      "pair": "thumb_ring",
      "probability": 0.9932518601417542
    },
    {
      "frame": 197336,
      "objective": [
        0.00012797540694009513,
        5.9046717069577426e-05,
        4.1018007323145866e-05,
        3.777381789404899e-05,
        3.48043286066968e-05,
        3.264942642999813e-05,
        3.2768130040494725e-05,
        3.4223841794300824e-05,
        3.480519080767408e-05,
        3.333114364068024e-05,
        3.0216562663554214e-05,
        2.6570669433567673e-05,
        2.3465001504519023e-05,
        2.1486275727511384e-05,
        2.0518638848443516e-05,
        2.008044430112932e-05,
        1.9927232642658055e-05,
        2.0186769688734785e-05,
        2.09151730814483e-05,
        2.1726089471485466e-05,
        2.199223126808647e-05,
        2.1324252884369344e-05,
        1.9858343875966966e-05,
        1.818679265852552e-05,
        1.7003676475724205e-05,
        1.6693024008418433e-05,
        1.7127696992247365e-05,
        1.7825275790528394e-05,
        1.831653935369104e-05,
        1.8401118722977117e-05,
        1.813793096516747e-05,
        1.7691438188194297e-05,
        1.720438194752205e-05,
        1.676835017860867e-05,
        1.6451247574877925e-05,
        1.6310668797814287e-05,
        1.636503657209687e-05,
        1.6558347851969302e-05,
        1.67706220963737e-05,
        1.68849164765561e-05,
        1.6856556612765417e-05
      ],
      "pair": "thumb_middle",
      "probability": 0.9699602127075195
    },
    {
      "frame": 225982,
      "objective": [
        6.575013685505837e-05,
        3.0335544579429552e-05,
        1.4626653864979744e-05,
        1.846041777753271e-05,
        2.259333268739283e-05,
        1.9539253116818145e-05,
        1.484795575379394e-05,
        1.265844730369281e-05,
        1.2336345207586419e-05,
        1.2404992958181538e-05,
        1.22949368233094e-05,
        1.163840715889819e-05,
        1.0190658031206112e-05,
        8.360377250937745e-06,
        7.2435523179592565e-06,
        7.635537258465774e-06,
        9.044126272783615e-06,
        1.005422200250905e-05,
        9.793435310712084e-06,
        8.587759111833293e-06,
        7.274950348801212e-06,
        6.400097845471464e-06,
        6.099272468418349e-06,
        6.307392595772399e-06,
        6.778108399885241e-06,
        7.0907804001763e-06,
        6.9524257924058475e-06,
        6.504050816147355e-06,
        6.150294666440459e-06,
        6.097712685004808e-06,
        6.186869995872257e-06,
        6.175765520310961e-06,
        6.0294278227956966e-06,
        5.869002507097321e-06,
        5.783085725852288e-06,
        5.791803232568782e-06,
        5.88824968872359e-06,
        6.001715973980026e-06,
        5.9977819546475075e-06,
        5.819117177452426e-06,
        5.582968697126489e-06
      ],
      "pair": "thumb_index",
      "probability": 0.9836714863777161
    },
    {
      "frame": 233857,
      "objective": [
        0.00012392899952828884,
        6.3452054746449e-05,
        4.2366991692688316e-05,
        3.392618236830458e-05,
        3.102925984421745e-05,
        3.332030973979272e-05,
        3.869667125400156e-05,
        4.32753877248615e-05,
        4.375561184133403e-05,
        3.9576094422955066e-05,
        3.272381582064554e-05,
        2.610142473713495e-05,
        2.202286668762099e-05,
        2.13304374483414e-05,
        2.3238040739670396e-05,
        2.6009269276983105e-05,
        2.8079111871193163e-05,
        2.8760056011378765e-05,
        2.817725544446148e-05,
        2.6816604076884687e-05,
        2.514323205105029e-05,
        2.3495207642554305e-05,
        2.2169035219121724e-05,
        2.1457894035847858e-05,
        2.15221934922738e-05,
        2.2224834538064897e-05,
        2.313453660462983e-05,
        2.3740441974950954e-05,
        2.3728629457764328e-05,
        2.312809374416247e-05,
        2.2248103050515056e-05,
        2.1473199012689292e-05,
        2.105570638377685e-05,
        2.102681901305914e-05,
        2.125196078850422e-05,
        2.1552668840740807e-05,
        2.17933084059041e-05,
        2.1896299585932866e-05,
        2.1826948795933276e-05,
        2.1597927116090432e-05,
        2.1284593458403833e-05
      ],
      "pair": "thumb_middle",
      "probability": 0.9726538062095642
    }
  ],
  "delta_q_deg": {
    "max": 20.85142707824707,
    "mean": 1.1155554056167603,
    "per_joint_max": [
      17.164230346679688,
      10.222562789916992,
      5.361122131347656,
      8.251984596252441,
      1.9547890424728394,
      6.422996997833252,
      5.254734039306641,
      3.337291717529297,
      1.7036992311477661,
      8.528678894042969,
      6.756927967071533,
      3.2979722023010254,
      7.008771896362305,
      6.353455066680908,
      7.496164798736572,
      5.945559978485107,
      20.85142707824707,
      15.645801544189453,
      5.048136234283447,
      7.318844318389893
    ]
  },
  "distance_m": {
    "after_mean": 0.004880122439030448,
    "after_p95": 0.017344268038868904,
    "before_mean": 0.01585003013772428,
    "before_p95": 0.03369934856891632
  },
  "held_out_selected_positive_frames": 6635,